<?xml version="1.0" encoding="UTF-8" ?>
<rss version="2.0">
 <channel>
  <title>Finacle ticker</title>
  <link>http://finacle.infosys.com</link>
  <description>Universal Banking Solution from Infosys</description>
  <lastBuildDate>Thu, 11 Dec 2007 13:07:29 GMT</lastBuildDate>
  <generator>Infosys Technologies Ltd</generator>
  <item>
   <title>Item 1</title>
   <link>http://finacle.infosys.com</link>
   <description>Universal Banking Solution from Infosys</description>
   <guid isPermaLink="false">http://finacle.infosys.com</guid>
  </item>
 </channel>
</rss>
