<?xml version='1.0' encoding='windows-1252' ?>
<ftstdata>
<topic name="Audit Data" url="SSO_Admin/aud_data.htm" />
<topic name="Audit Report" url="SSO_Admin/aud_rpt.htm" />
<topic name="calendar widget" url="SSO_Admin/calendar_widget.htm" />
<topic name="Event ID Details" url="SSO_Admin/evt_id_det.htm" />
<topic name="Instance - Client IP Mapping" url="SSO_Admin/inst_cln_ip_map.htm" />
<topic name="Maintain Password Policies" url="SSO_Admin/mant_pwd_plcy.htm" />
<topic name="Maintain Role Details" url="SSO_Admin/mant_rol_det.htm" />
<topic name="Maintain Resource Details" url="SSO_Admin/mant_rsrce_det.htm" />
<topic name="Maintain Time Zone Details" url="SSO_Admin/mant_tim_zone_det.htm" />
<topic name="Maintain User Access Details" url="SSO_Admin/mant_us_acs_det.htm" />
<topic name="Maintain User Details" url="SSO_Admin/mant_us_det.htm" />
<topic name="manual cover" url="SSO_Admin/manual_cover.htm" />
<topic name="Role Report" url="SSO_Admin/rol_rpt.htm" />
<topic name="Reports" url="SSO_Admin/rpt.htm" />
<topic name="Reset User Login Details" url="SSO_Admin/rs_us_lgn_det.htm" />
<topic name="Search Role" url="SSO_Admin/srch_rol.htm" />
<topic name="Search Resource" url="SSO_Admin/srch_rsrce.htm" />
<topic name="Search Time Zone" url="SSO_Admin/srch_tim_zone.htm" />
<topic name="Search Users" url="SSO_Admin/srch_us.htm" />
<topic name="SSO Admin" url="SSO_Admin/SSO_Admin.htm" />
<topic name="Time Zone Details" url="SSO_Admin/tim_zone_det.htm" />
<topic name="User Report" url="SSO_Admin/us_rpt.htm" />

</ftstdata>  
