<?xml version='1.0' encoding='windows-1252' ?>
<ftswdata>
<key name="2004"> 2, </key>
<key name="2007"> 0,1,3,4,5,7,6,8,9,10,11,13,14,12,16,15,17,18,19,20,21, </key>
<key name="22"> 2, </key>
<key name="27"> 2, </key>
<key name="abov"> 2, </key>
<key name="acces"> 7,9,10,12,19,21, </key>
<key name="account"> 5, </key>
<key name="acros"> 10, </key>
<key name="action"> 1, </key>
<key name="activ"> 21, </key>
<key name="activat"> 9, </key>
<key name="activiti"> 19, </key>
<key name="add"> 7,6,10,12, </key>
<key name="admin"> 19, </key>
<key name="administer"> 7, </key>
<key name="administration"> 11,12,19, </key>
<key name="administrator"> 1,10, </key>
<key name="allocation"> 19, </key>
<key name="allow"> 0,1,3,4,5,7,6,10,12,20,21, </key>
<key name="already"> 19, </key>
<key name="any"> 5, </key>
<key name="apart"> 10, </key>
<key name="application"> 3,4,5,7,9,10,14,16,19,21, </key>
<key name="arrow"> 2, </key>
<key name="associat"> 5,7,6,8,9,10, </key>
<key name="attempt"> 5,14, </key>
<key name="attribut"> 0, </key>
<key name="audit"> 0,1,13,19, </key>
<key name="authenticat"> 10,19, </key>
<key name="authentication"> 10, </key>
<key name="automatical"> 3,5,9,10,21, </key>
<key name="availabl"> 7,6,12, </key>
<key name="avoid"> 5, </key>
<key name="bank"> 3,7,9,10,21, </key>
<key name="bas"> 10,19, </key>
<key name="belong"> 3,7,9,10,21, </key>
<key name="box"> 4,7, </key>
<key name="c"> 3,10,21, </key>
<key name="cal"> 10, </key>
<key name="calendar"> 2,3,10, </key>
<key name="cancel"> 1,2,5,7,6,8,9,10,14,12,21, </key>
<key name="cannot"> 19, </key>
<key name="chang"> 2,5,7,6,8,9,10,14, </key>
<key name="check"> 4,7, </key>
<key name="clear"> 1,2,5,7,6,8,9,10,14,12,21, </key>
<key name="click"> 0,1,2,3,4,5,7,6,8,9,10,14,12,16,15,17,18,20,21, </key>
<key name="client"> 1,4,7, </key>
<key name="clos"> 0,1,2,3,4,5,7,6,8,9,10,14,12,16,15,17,18,20,21, </key>
<key name="cod"> 3, </key>
<key name="com"> 11, </key>
<key name="configur"> 5, </key>
<key name="configuration"> 6,8,12,19,20, </key>
<key name="confirm"> 3,10,14, </key>
<key name="confirmation"> 3,10,14, </key>
<key name="copyright"> 0,1,3,4,5,7,6,8,9,10,13,14,12,16,15,17,18,19,20,21, </key>
<key name="cor"> 19, </key>
<key name="creat"> 7,6,10,19, </key>
<key name="creation"> 19, </key>
<key name="criteria"> 1,5,7,6,8,9,10,14,12,21, </key>
<key name="crm"> 19, </key>
<key name="csv"> 1,12,21, </key>
<key name="current"> 0,2, </key>
<key name="d"> 7,6,10, </key>
<key name="dat"> 1,2,3,5,7,6,8,9,10,14,21, </key>
<key name="data"> 0,1, </key>
<key name="databas"> 3,5,7,6,9,10,14,12,21, </key>
<key name="day"> 5,10, </key>
<key name="default"> 3,9,10,19,21, </key>
<key name="defin"> 4,5,7,8, </key>
<key name="definition"> 19, </key>
<key name="del"> 4,7,6,10,12, </key>
<key name="delet"> 7,6,10, </key>
<key name="deletion"> 19, </key>
<key name="description"> 0,1,3,4,5,7,6,8,9,10,14,12,16,15,17,18,20,21, </key>
<key name="desktop"> 7, </key>
<key name="detail"> 0,1,3,4,5,7,6,8,9,10,14,12,17,19,20,21, </key>
<key name="differenc"> 8,17,20, </key>
<key name="different"> 6,9,14,19, </key>
<key name="direct"> 2, </key>
<key name="disabl"> 3,5,10,21, </key>
<key name="display"> 1,7,10,14,19, </key>
<key name="do"> 5, </key>
<key name="down"> 5,7,6,8,9,10,14, </key>
<key name="drop"> 5,7,6,8,9,10,14, </key>
<key name="du"> 3,10, </key>
<key name="e"> 10, </key>
<key name="earliest"> 3,10,21, </key>
<key name="edit"> 5,7,6,8,9,10, </key>
<key name="enabl"> 2,10,14,19, </key>
<key name="ensur"> 5, </key>
<key name="ent"> 2, </key>
<key name="enter"> 1,3,5,7,6,8,9,10,14, </key>
<key name="event"> 0,1,3,5,7,6,8,9,10,14,20, </key>
<key name="exampl"> 2, </key>
<key name="exist"> 4,5,7,6,8,9,10,19, </key>
<key name="expir"> 3,5,10,21, </key>
<key name="expiry"> 3,10,21, </key>
<key name="export"> 1,12,21, </key>
<key name="extrem"> 2, </key>
<key name="factor"> 10, </key>
<key name="featur"> 19, </key>
<key name="feb"> 2, </key>
<key name="field"> 0,1,2,3,4,5,7,6,8,9,10,14,12,16,15,17,18,20,21, </key>
<key name="finacl"> 19, </key>
<key name="first"> 2, </key>
<key name="follow"> 1,5,7,6,8,9,10,13,14,12,19,21, </key>
<key name="format"> 1,3,10,12,21, </key>
<key name="framework"> 19, </key>
<key name="function"> 3,5,7,6,8,9,10,14,12,20, </key>
<key name="generat"> 1,10,13,12,21, </key>
<key name="generation"> 19, </key>
<key name="get"> 1,10,12,19,21, </key>
<key name="giv"> 5, </key>
<key name="given"> 6,12, </key>
<key name="global"> 10, </key>
<key name="gmt"> 3,8,10,17,20, </key>
<key name="go"> 1,3,5,7,6,8,9,10,14,12,20,21, </key>
<key name="gregorian"> 3,10, </key>
<key name="handl"> 19, </key>
<key name="henc"> 19, </key>
<key name="hh"> 3,10,21, </key>
<key name="high"> 3,10,21, </key>
<key name="hijiri"> 3,10, </key>
<key name="history"> 5, </key>
<key name="hom"> 3,10,21, </key>
<key name="host"> 7, </key>
<key name="hyperlink"> 9, </key>
<key name="i"> 7,6,9,10, </key>
<key name="icon"> 2, </key>
<key name="id"> 1,3,5,7,6,8,9,10,14,12,16,15,18,19,20,21, </key>
<key name="identifi"> 1,3,5,7,6,8,9,10,14,12,16,15,18,21, </key>
<key name="idl"> 3,10,21, </key>
<key name="if"> 2,7,9,10,14, </key>
<key name="inactiv"> 3,10,21, </key>
<key name="incorrect"> 5, </key>
<key name="indicat"> 7,10,14, </key>
<key name="infosy"> 0,1,3,4,5,7,6,8,9,10,11,13,14,12,16,15,17,18,19,20,21, </key>
<key name="infosysinbank"> 11, </key>
<key name="inquir"> 7,6,9,10, </key>
<key name="installation"> 10,14, </key>
<key name="instanc"> 4,7, </key>
<key name="internet"> 1,7, </key>
<key name="interval"> 5, </key>
<key name="involv"> 0, </key>
<key name="ip"> 1,4,7, </key>
<key name="ist"> 3,10, </key>
<key name="label"> 2, </key>
<key name="languag"> 3, </key>
<key name="latest"> 3,10,21, </key>
<key name="lay"> 7,10, </key>
<key name="left"> 2,19, </key>
<key name="length"> 5, </key>
<key name="limit"> 11, </key>
<key name="link"> 9, </key>
<key name="list"> 4,7, </key>
<key name="listing"> 21, </key>
<key name="lock"> 10, </key>
<key name="log"> 3,10,19,21, </key>
<key name="login"> 1,3,5,9,10,14,19,21, </key>
<key name="low"> 3,10,21, </key>
<key name="ltd"> 0,1,3,4,5,7,6,8,9,10,13,14,12,16,15,17,18,19,20,21, </key>
<key name="m"> 5,7,6,8,9,10,14, </key>
<key name="machin"> 1,7, </key>
<key name="maintain"> 3,4,5,7,6,8,9,10,12,19,20, </key>
<key name="maintenanc"> 12,19, </key>
<key name="mandatory"> 10, </key>
<key name="map"> 4, </key>
<key name="march"> 2, </key>
<key name="max"> 3,5,10,21, </key>
<key name="maximum"> 5,10,21, </key>
<key name="member"> 21, </key>
<key name="menu"> 19, </key>
<key name="min"> 3,5,10,21, </key>
<key name="minimum"> 5, </key>
<key name="mm"> 3,10,21, </key>
<key name="mobil"> 10,14, </key>
<key name="modification"> 19, </key>
<key name="modify"> 5,7,6,8,9,10,14,12, </key>
<key name="month"> 2, </key>
<key name="mpin"> 10,14, </key>
<key name="multipl"> 4,7,10,19, </key>
<key name="nam"> 1,3,7,8,10,17,18,20,21, </key>
<key name="ne"> 1,6,9,10,14,12,21, </key>
<key name="need"> 7, </key>
<key name="neglect"> 4, </key>
<key name="new"> 0,3,7,6,10,14, </key>
<key name="next"> 2, </key>
<key name="numb"> 5,7,10,14, </key>
<key name="offset"> 8,17,20, </key>
<key name="old"> 0, </key>
<key name="onc"> 5, </key>
<key name="operation"> 1,5,7,6,8,9,10,14,12,21, </key>
<key name="option"> 0,1,2,3,4,5,7,6,8,9,10,13,14,12,16,15,17,18,20,21, </key>
<key name="optional"> 10, </key>
<key name="ord"> 6,10, </key>
<key name="ori"> 9, </key>
<key name="out"> 3,10,21, </key>
<key name="output"> 1,12,21, </key>
<key name="pag"> 19, </key>
<key name="pan"> 19, </key>
<key name="paramet"> 0, </key>
<key name="particular"> 7,16,15,17,18,21, </key>
<key name="passcod"> 10, </key>
<key name="password"> 3,5,6,10,14,12,19,21, </key>
<key name="perform"> 1,5,7,6,8,9,10,14, </key>
<key name="permission"> 7,6,12,19, </key>
<key name="permit"> 19, </key>
<key name="pertain"> 1,5,7,6,8,9,10,14,12,21, </key>
<key name="phon"> 10,14, </key>
<key name="pin"> 10,14, </key>
<key name="polici"> 5,6,8,9,10,12,19, </key>
<key name="policy"> 5,19, </key>
<key name="port"> 7, </key>
<key name="previou"> 0,2,5, </key>
<key name="print"> 1,12,21, </key>
<key name="privileg"> 6,12,19, </key>
<key name="proces"> 19, </key>
<key name="product"> 19, </key>
<key name="profil"> 7,9,19,21, </key>
<key name="properti"> 7, </key>
<key name="protocol"> 1,7, </key>
<key name="provid"> 10,19, </key>
<key name="purpos"> 2, </key>
<key name="rang"> 4,7, </key>
<key name="re"> 3,10,14, </key>
<key name="reach"> 5, </key>

</ftswdata>  
