<?xml version='1.0' encoding='windows-1252' ?>
<ftswdata>
<key name="record"> 1,5,7,6,8,9,10,14,12,16,15,17,18,21, </key>
<key name="redirect"> 9, </key>
<key name="refer"> 7, </key>
<key name="reject"> 5,7,6,8,9,10,14, </key>
<key name="relat"> 19, </key>
<key name="remov"> 7,6,10, </key>
<key name="repetition"> 5, </key>
<key name="report"> 0,1,13,12,19,21, </key>
<key name="represent"> 3,9,10, </key>
<key name="representativ"> 1,5,7,6,8,9,10,14, </key>
<key name="requir"> 5,7, </key>
<key name="reset"> 2,14,19, </key>
<key name="resourc"> 4,7,6,9,10,12,16,19,21, </key>
<key name="restart"> 5, </key>
<key name="restor"> 2, </key>
<key name="restriction"> 3,10, </key>
<key name="retriev"> 1,3,5,7,6,8,9,10,14,12,21, </key>
<key name="right"> 2,12,19,21, </key>
<key name="rol"> 3,6,9,10,13,12,15,19,21, </key>
<key name="s"> 2, </key>
<key name="salient"> 19, </key>
<key name="sam"> 2,5,19, </key>
<key name="sav"> 4, </key>
<key name="screen"> 0,1,3,4,5,7,6,8,9,10,14,12,16,15,17,18,20,21, </key>
<key name="search"> 1,7,6,9,10,14,12,16,15,17,18,21, </key>
<key name="second"> 10, </key>
<key name="secur"> 7, </key>
<key name="security"> 1,3,10, </key>
<key name="select"> 0,1,2,3,4,5,7,6,8,9,10,14,12,16,15,17,18,20,21, </key>
<key name="selection"> 1,2,5,7,6,8,9,10,14,12,21, </key>
<key name="separat"> 7, </key>
<key name="serv"> 5, </key>
<key name="servic"> 7,9,16, </key>
<key name="session"> 19, </key>
<key name="set"> 2,3,4,10, </key>
<key name="should"> 1, </key>
<key name="sign"> 19, </key>
<key name="singl"> 19, </key>
<key name="socket"> 7, </key>
<key name="specifi"> 3,6,10,12,21, </key>
<key name="ss"> 3,10,21, </key>
<key name="ssl"> 7, </key>
<key name="sso"> 1,11,12,19, </key>
<key name="startup"> 7, </key>
<key name="statu"> 14,21, </key>
<key name="submit"> 4,5,7,6,8,9,10,14, </key>
<key name="successful"> 19, </key>
<key name="suit"> 19, </key>
<key name="system"> 19, </key>
<key name="technologi"> 0,1,3,4,5,7,6,8,9,10,11,13,14,12,16,15,17,18,19,20,21, </key>
<key name="text"> 7, </key>
<key name="till"> 1,3,10,21, </key>
<key name="tim"> 1,3,5,7,6,8,9,10,14,12,17,19,20,21, </key>
<key name="token"> 10, </key>
<key name="tool"> 10, </key>
<key name="toward"> 12, </key>
<key name="two"> 10, </key>
<key name="typ"> 1,4,7,9,14,12,16,21, </key>
<key name="uniqu"> 1,3,5,7,6,8,9,10,14,12,16,15,18,20,21, </key>
<key name="up"> 21, </key>
<key name="url"> 7, </key>
<key name="us"> 3,5,7,6,8,9,10,13,14,12,18,19,21, </key>
<key name="user"> 6,9,10,14,18,19,21, </key>
<key name="v"> 3,5,7,6,8,9,10,14,20, </key>
<key name="valid"> 5,7,6,8,9,10,14,19, </key>
<key name="valu"> 0,5,7,6,8,9,10,14, </key>
<key name="variou"> 5,7,6,8,9,10,12, </key>
<key name="verification"> 5,7,6,8,9,10,14,19, </key>
<key name="verify"> 3,5,7,6,8,9,10,14,12,20, </key>
<key name="view"> 0,1,2,3,5,7,6,8,9,10,14,12,20,21, </key>
<key name="visibl"> 7,9, </key>
<key name="whos"> 3,7,6,9,10,14,12,21, </key>
<key name="widget"> 2, </key>
<key name="will"> 2, </key>
<key name="within"> 5, </key>
<key name="www"> 11, </key>
<key name="year"> 2, </key>
<key name="yes"> 4,7,9, </key>
<key name="zon"> 1,3,6,8,10,12,17,19,20,21, </key>

</ftswdata>  
