<?xml version='1.0' encoding='windows-1252' ?>
<tocdata>
<book name="SSO Admin" url="SSO_Admin/SSO_Admin.htm" >
  <item name="Maintain User Details" url="SSO_Admin/mant_us_det.htm" />
  <item name="Maintain Role Details" url="SSO_Admin/mant_rol_det.htm" />
  <item name="Maintain Resource Details" url="SSO_Admin/mant_rsrce_det.htm" />
  <item name="Maintain Password Policies" url="SSO_Admin/mant_pwd_plcy.htm" />
  <item name="Maintain Time Zone Details" url="SSO_Admin/mant_tim_zone_det.htm" />
  <item name="Maintain User Access Details" url="SSO_Admin/mant_us_acs_det.htm" />
  <item name="Reset User Login Details" url="SSO_Admin/rs_us_lgn_det.htm" />
  <item name="Reports" url="SSO_Admin/rpt.htm" />
</book>

</tocdata>
