<?xml version='1.0' encoding='windows-1252' ?>
<ftswdata>
<key name="polici"> 0,6,7,9,10,11,13,20, </key>
<key name="policy"> 6,20, </key>
<key name="port"> 8, </key>
<key name="previou"> 1,3,6, </key>
<key name="print"> 2,13,22, </key>
<key name="privileg"> 0,7,13,20, </key>
<key name="proces"> 20, </key>
<key name="product"> 20, </key>
<key name="profil"> 8,10,20,22, </key>
<key name="properti"> 8, </key>
<key name="protocol"> 2,8, </key>
<key name="provid"> 11,20, </key>
<key name="purpos"> 3, </key>
<key name="rang"> 5,8, </key>
<key name="re"> 0,4,11,15, </key>
<key name="reach"> 6, </key>
<key name="record"> 2,6,8,7,9,10,11,15,13,17,16,18,19,22, </key>
<key name="redirect"> 10, </key>
<key name="refer"> 8, </key>
<key name="reject"> 6,8,7,9,10,11,15, </key>
<key name="relat"> 20, </key>
<key name="remov"> 8,7,11, </key>
<key name="repetition"> 0,6, </key>
<key name="report"> 1,2,14,13,20,22, </key>
<key name="represent"> 4,10,11, </key>
<key name="representativ"> 2,6,8,7,9,10,11,15, </key>
<key name="requir"> 6,8, </key>
<key name="reset"> 3,15,20, </key>
<key name="resourc"> 0,5,8,7,10,11,13,17,20,22, </key>
<key name="restart"> 6, </key>
<key name="restor"> 3, </key>
<key name="restriction"> 4,11, </key>
<key name="retriev"> 2,0,4,6,8,7,9,10,11,15,13,22, </key>
<key name="right"> 3,13,20,22, </key>
<key name="rol"> 4,7,10,11,14,13,16,20,22, </key>
<key name="s"> 3, </key>
<key name="salient"> 20, </key>
<key name="sam"> 3,0,6,20, </key>
<key name="sav"> 0,5, </key>
<key name="screen"> 1,2,0,4,5,6,8,7,9,10,11,15,13,17,16,18,19,21,22, </key>
<key name="search"> 2,8,7,10,11,15,13,17,16,18,19,22, </key>
<key name="second"> 11, </key>
<key name="secur"> 8, </key>
<key name="security"> 2,4,11, </key>
<key name="select"> 1,2,3,0,4,5,6,8,7,9,10,11,15,13,17,16,18,19,21,22, </key>
<key name="selection"> 2,3,0,6,8,7,9,10,11,15,13,22, </key>
<key name="separat"> 8, </key>
<key name="serv"> 6, </key>
<key name="servic"> 8,10,17, </key>
<key name="session"> 20, </key>
<key name="set"> 3,0,4,5,11, </key>
<key name="should"> 2, </key>
<key name="sign"> 20, </key>
<key name="singl"> 20, </key>
<key name="socket"> 8, </key>
<key name="special"> 0, </key>
<key name="specifi"> 4,7,11,13,22, </key>
<key name="ss"> 4,11,22, </key>
<key name="ssl"> 8, </key>
<key name="sso"> 2,0,12,13,20, </key>
<key name="startup"> 8, </key>
<key name="statu"> 15,22, </key>
<key name="submit"> 0,5,6,8,7,9,10,11,15, </key>
<key name="successful"> 20, </key>
<key name="suit"> 20, </key>
<key name="system"> 20, </key>
<key name="technologi"> 1,2,0,4,5,6,8,7,9,10,11,12,14,15,13,17,16,18,19,20,21,22, </key>
<key name="text"> 8, </key>
<key name="thre"> 0, </key>
<key name="till"> 2,4,11,22, </key>
<key name="tim"> 2,0,4,6,8,7,9,10,11,15,13,18,20,21,22, </key>
<key name="token"> 11, </key>
<key name="tool"> 11, </key>
<key name="toward"> 13, </key>
<key name="two"> 11, </key>
<key name="typ"> 2,0,5,8,10,15,13,17,22, </key>
<key name="uniqu"> 2,4,6,8,7,9,10,11,15,13,17,16,19,21,22, </key>
<key name="up"> 0,22, </key>
<key name="url"> 8, </key>
<key name="us"> 0,4,6,8,7,9,10,11,14,15,13,19,20,22, </key>
<key name="user"> 0,7,10,11,15,19,20,22, </key>
<key name="v"> 4,6,8,7,9,10,11,15,21, </key>
<key name="valid"> 6,8,7,9,10,11,15,20, </key>
<key name="valu"> 1,6,8,7,9,10,11,15, </key>
<key name="variou"> 6,8,7,9,10,11,13, </key>
<key name="verification"> 6,8,7,9,10,11,15,20, </key>
<key name="verify"> 4,6,8,7,9,10,11,15,13,21, </key>
<key name="view"> 1,2,3,0,4,6,8,7,9,10,11,15,13,21,22, </key>
<key name="visibl"> 8,10, </key>
<key name="whos"> 4,8,7,10,11,15,13,22, </key>
<key name="widget"> 3, </key>
<key name="will"> 3, </key>
<key name="within"> 6, </key>
<key name="www"> 12, </key>
<key name="year"> 3, </key>
<key name="yes"> 5,8,10, </key>
<key name="zon"> 2,4,7,9,11,13,18,20,21,22, </key>

</ftswdata>  
