<?xml version='1.0' encoding='windows-1252' ?>
<ftswdata>
<key name="2007"> 0,1,3,2,4, </key>
<key name="alphabet"> 0,4, </key>
<key name="already"> 1, </key>
<key name="any"> 0,4, </key>
<key name="application"> 0,1,2,4, </key>
<key name="automatical"> 0,4, </key>
<key name="avoid"> 0,4, </key>
<key name="back"> 0,2,4, </key>
<key name="be"> 0,1,2,4, </key>
<key name="both"> 0,1,2,4, </key>
<key name="cancel"> 0,2,4, </key>
<key name="cannot"> 1, </key>
<key name="cas"> 0,4, </key>
<key name="chang"> 0,1,3,2,4, </key>
<key name="charact"> 0,4, </key>
<key name="character"> 0,2,4, </key>
<key name="clear"> 0,2,4, </key>
<key name="click"> 0,2,4, </key>
<key name="com"> 3, </key>
<key name="configurabl"> 1, </key>
<key name="configuration"> 0,2,4, </key>
<key name="confirm"> 0,2,4, </key>
<key name="confirmation"> 0,2,4, </key>
<key name="copyright"> 0,1,3,2,4, </key>
<key name="creat"> 1, </key>
<key name="credential"> 0,1,3,2,4, </key>
<key name="criteria"> 0,2,4, </key>
<key name="current"> 0,2,4, </key>
<key name="databas"> 0,4, </key>
<key name="deletion"> 1, </key>
<key name="description"> 0,2,4, </key>
<key name="detail"> 0,2,4, </key>
<key name="display"> 0,1,2,4, </key>
<key name="enabl"> 1, </key>
<key name="enter"> 0,2,4, </key>
<key name="exist"> 1, </key>
<key name="expir"> 0,4, </key>
<key name="field"> 0,2,4, </key>
<key name="follow"> 0,1,2,4, </key>
<key name="fram"> 1, </key>
<key name="go"> 0,2,4, </key>
<key name="henc"> 1, </key>
<key name="infosy"> 0,1,3,2,4, </key>
<key name="infosysinbank"> 3, </key>
<key name="interval"> 0,4, </key>
<key name="length"> 0,2,4, </key>
<key name="limit"> 3, </key>
<key name="log"> 0,1,2,4, </key>
<key name="login"> 0,2,4, </key>
<key name="low"> 0,4, </key>
<key name="ltd"> 0,1,3,2,4, </key>
<key name="maximum"> 0,2,4, </key>
<key name="minimum"> 0,4, </key>
<key name="mobil"> 1,2, </key>
<key name="mpin"> 0,1,2,4, </key>
<key name="need"> 0,2,4, </key>
<key name="new"> 0,2,4, </key>
<key name="numb"> 0,4, </key>
<key name="numeric"> 0,2,4, </key>
<key name="old"> 0,2,4, </key>
<key name="operation"> 0,2,4, </key>
<key name="option"> 0,2,4, </key>
<key name="pag"> 0,2,4, </key>
<key name="part"> 0,4, </key>
<key name="password"> 0,1,2,4, </key>
<key name="period"> 0,4, </key>
<key name="permit"> 1, </key>
<key name="pertain"> 0,2,4, </key>
<key name="pin"> 1,2, </key>
<key name="polici"> 0,1,2,4, </key>
<key name="previou"> 0,2,4, </key>
<key name="privileg"> 1, </key>
<key name="re"> 0,2,4, </key>
<key name="repetition"> 0,4, </key>
<key name="resourc"> 1, </key>
<key name="retriev"> 0,2,4, </key>
<key name="sam"> 1, </key>
<key name="sav"> 0,4, </key>
<key name="screen"> 0,2,4, </key>
<key name="select"> 0,2,4, </key>
<key name="selection"> 0,2,4, </key>
<key name="set"> 1, </key>
<key name="special"> 0,4, </key>
<key name="submit"> 0,2,4, </key>
<key name="technologi"> 0,1,3,2,4, </key>
<key name="thre"> 0,4, </key>
<key name="tim"> 0,4, </key>
<key name="typ"> 0,4, </key>
<key name="up"> 0,4, </key>
<key name="us"> 0,1,2,4, </key>
<key name="user"> 1, </key>
<key name="view"> 0,2,4, </key>
<key name="www"> 3, </key>

</ftswdata>  
